[
  {
    "id": "18c4f086-933b-4da4-bedb-07f9375560c5",
    "data": [
      {
        "text": "Update a todo",
        "userDefined": false
      }
    ],
    "isTemplate": false,
    "count": 0,
    "updated": 1508181994
  },
  {
    "id": "967b9f19-3a27-4f50-8f2c-4e0892267ac8",
    "data": [
      {
        "text": "Change a todo",
        "userDefined": false
      }
    ],
    "isTemplate": false,
    "count": 0,
    "updated": 1508181994
  },
  {
    "id": "cddcceaf-f104-400e-b7c0-1e60380a033c",
    "data": [
      {
        "text": "Update todo number @sys.number-integer:index",
        "userDefined": false
      }
    ],
    "isTemplate": true,
    "count": 0,
    "updated": 1508181994
  },
  {
    "id": "ea88a8d2-2713-4dc9-bed0-e53bff94944b",
    "data": [
      {
        "text": "Change todo number @sys.number-integer:index",
        "userDefined": false
      }
    ],
    "isTemplate": true,
    "count": 0,
    "updated": 1508181994
  },
  {
    "id": "8fd1ea4b-f0e8-4584-90b8-87b6b3c8f9d4",
    "data": [
      {
        "text": "Update @sys.number-integer:index item to @sys.any:text",
        "userDefined": false
      }
    ],
    "isTemplate": true,
    "count": 0,
    "updated": 1507906655
  },
  {
    "id": "dec58538-de67-4adc-abd4-d4e297e4cf25",
    "data": [
      {
        "text": "Change @sys.number-integer:index item to @sys.any:text",
        "userDefined": false
      }
    ],
    "isTemplate": true,
    "count": 0,
    "updated": 1507906655
  },
  {
    "id": "46d9d661-441e-48f3-8246-d9f79e252c96",
    "data": [
      {
        "text": "Update item @sys.number-integer:index with @sys.any:text",
        "userDefined": false
      }
    ],
    "isTemplate": true,
    "count": 0,
    "updated": 0
  }
]