[
  {
    "id": "52d4fe14-0dd1-4b38-802e-ba2c273d19e0",
    "data": [
      {
        "text": "Show items",
        "userDefined": false
      }
    ],
    "isTemplate": false,
    "count": 0,
    "updated": 1508181716
  },
  {
    "id": "381926b3-2223-454e-ada7-6e92fc5760f6",
    "data": [
      {
        "text": "Show todo list",
        "userDefined": false
      }
    ],
    "isTemplate": false,
    "count": 0,
    "updated": 1508181716
  },
  {
    "id": "f96a11fb-dbd9-445e-b712-f92597051611",
    "data": [
      {
        "text": "Show all todos",
        "userDefined": false
      }
    ],
    "isTemplate": false,
    "count": 0,
    "updated": 1508181716
  },
  {
    "id": "b742009f-1cde-4bdb-89fc-f82debb513bb",
    "data": [
      {
        "text": "Show list",
        "userDefined": false
      }
    ],
    "isTemplate": false,
    "count": 0,
    "updated": 0
  },
  {
    "id": "634f131f-a783-42f9-a62d-1381096b8944",
    "data": [
      {
        "text": "Show me my todos",
        "userDefined": false
      }
    ],
    "isTemplate": false,
    "count": 0,
    "updated": 1508181716
  },
  {
    "id": "35be4790-9607-487f-af5a-424944e1216a",
    "data": [
      {
        "text": "What\u0027s left on my todo list?",
        "userDefined": false
      }
    ],
    "isTemplate": false,
    "count": 0,
    "updated": 1508181716
  }
]