[
  {
    "id": "39d5fe49-9667-4dd2-a3f9-72259cac9a2d",
    "data": [
      {
        "text": "Show items",
        "userDefined": false
      }
    ],
    "isTemplate": false,
    "count": 0,
    "updated": 0
  },
  {
    "id": "b742009f-1cde-4bdb-89fc-f82debb513bb",
    "data": [
      {
        "text": "Show list",
        "userDefined": false
      }
    ],
    "isTemplate": false,
    "count": 0,
    "updated": 0
  },
  {
    "id": "634f131f-a783-42f9-a62d-1381096b8944",
    "data": [
      {
        "text": "Show items list",
        "userDefined": false
      }
    ],
    "isTemplate": false,
    "count": 0,
    "updated": 0
  },
  {
    "id": "35be4790-9607-487f-af5a-424944e1216a",
    "data": [
      {
        "text": "Show todo list",
        "userDefined": false
      }
    ],
    "isTemplate": false,
    "count": 0,
    "updated": 0
  }
]