[
  {
    "id": "8fd1ea4b-f0e8-4584-90b8-87b6b3c8f9d4",
    "data": [
      {
        "text": "Update @sys.number-integer:index item to @sys.any:text",
        "userDefined": false
      }
    ],
    "isTemplate": true,
    "count": 0,
    "updated": 1507906655
  },
  {
    "id": "dec58538-de67-4adc-abd4-d4e297e4cf25",
    "data": [
      {
        "text": "Change @sys.number-integer:index item to @sys.any:text",
        "userDefined": false
      }
    ],
    "isTemplate": true,
    "count": 0,
    "updated": 1507906655
  },
  {
    "id": "46d9d661-441e-48f3-8246-d9f79e252c96",
    "data": [
      {
        "text": "Update item @sys.number-integer:index with @sys.any:text",
        "userDefined": false
      }
    ],
    "isTemplate": true,
    "count": 0,
    "updated": 0
  }
]