[
  {
    "id": "f31d5855-bd7c-41c0-82d9-2beb667cd779",
    "data": [
      {
        "text": "Complete @sys.number-integer:index",
        "userDefined": false
      }
    ],
    "isTemplate": true,
    "count": 0,
    "updated": 1507903318
  },
  {
    "id": "e27b7eb1-415e-4ffd-8286-d6b046e9f8aa",
    "data": [
      {
        "text": "Complete item number @sys.number-integer:index",
        "userDefined": false
      }
    ],
    "isTemplate": true,
    "count": 0,
    "updated": 1507918959
  }
]