[
  {
    "id": "e829c035-87c3-4c2d-9133-f57fcbaa5ebd",
    "data": [
      {
        "text": "Add @sys.any:text as a new todo",
        "userDefined": false
      }
    ],
    "isTemplate": true,
    "count": 0,
    "updated": 1507918551
  },
  {
    "id": "68c1c892-33a5-44fe-b0ef-9f8769036df8",
    "data": [
      {
        "text": "Create an item to @sys.any:text",
        "userDefined": false
      }
    ],
    "isTemplate": true,
    "count": 0,
    "updated": 1507918551
  },
  {
    "id": "228e88e1-2483-4ed0-838e-e513802bec87",
    "data": [
      {
        "text": "Make a todo with description @sys.any:text",
        "userDefined": false
      }
    ],
    "isTemplate": true,
    "count": 0,
    "updated": 1507918551
  }
]