[
  {
    "id": "f6fe1728-2e80-468c-b8e4-e64211328ab6",
    "data": [
      {
        "text": "Cross off a todo item",
        "userDefined": false
      }
    ],
    "isTemplate": false,
    "count": 0,
    "updated": 1508181846
  },
  {
    "id": "e50fd5bc-18eb-4b54-a6ff-90f441552282",
    "data": [
      {
        "text": "Complete a todo",
        "userDefined": false
      }
    ],
    "isTemplate": false,
    "count": 0,
    "updated": 1508181846
  },
  {
    "id": "a380f9a2-bb4c-443d-ad82-8f0aa221f969",
    "data": [
      {
        "text": "Cross off number @sys.number-integer:index",
        "userDefined": false
      }
    ],
    "isTemplate": true,
    "count": 0,
    "updated": 1508181846
  },
  {
    "id": "3b6db4cd-2547-4f71-90bb-b8c40599a658",
    "data": [
      {
        "text": "I\u0027ve completed number @sys.number-integer:index",
        "userDefined": false
      }
    ],
    "isTemplate": true,
    "count": 0,
    "updated": 1508181846
  },
  {
    "id": "67c83239-0b56-41c7-9f0c-c8aaf34faa16",
    "data": [
      {
        "text": "Mark number @sys.number-integer:index as complete",
        "userDefined": false
      }
    ],
    "isTemplate": true,
    "count": 0,
    "updated": 1508181846
  },
  {
    "id": "f31d5855-bd7c-41c0-82d9-2beb667cd779",
    "data": [
      {
        "text": "Complete @sys.number-integer:index",
        "userDefined": false
      }
    ],
    "isTemplate": true,
    "count": 0,
    "updated": 1507903318
  },
  {
    "id": "e27b7eb1-415e-4ffd-8286-d6b046e9f8aa",
    "data": [
      {
        "text": "Complete todo number @sys.number-integer:index",
        "userDefined": false
      }
    ],
    "isTemplate": true,
    "count": 0,
    "updated": 1508181846
  }
]