[
  {
    "id": "c13a6944-b24d-4048-87d8-b262b09248ad",
    "data": [
      {
        "text": "New item",
        "userDefined": false
      }
    ],
    "isTemplate": false,
    "count": 0,
    "updated": 1508181517
  },
  {
    "id": "2527220e-45a7-48fc-8571-3d2fbdd0b4bb",
    "data": [
      {
        "text": "New todo",
        "userDefined": false
      }
    ],
    "isTemplate": false,
    "count": 0,
    "updated": 1508181517
  },
  {
    "id": "06d472eb-f335-4298-8527-5b9cef5b6061",
    "data": [
      {
        "text": "Create a new todo",
        "userDefined": false
      }
    ],
    "isTemplate": false,
    "count": 0,
    "updated": 1508181517
  },
  {
    "id": "d14803da-1439-4d6c-9aa7-4c094a899053",
    "data": [
      {
        "text": "Add @sys.any:text to the list",
        "userDefined": false
      }
    ],
    "isTemplate": true,
    "count": 0,
    "updated": 1508181517
  },
  {
    "id": "e829c035-87c3-4c2d-9133-f57fcbaa5ebd",
    "data": [
      {
        "text": "Add @sys.any:text as a new todo",
        "userDefined": false
      }
    ],
    "isTemplate": true,
    "count": 0,
    "updated": 1507918551
  },
  {
    "id": "68c1c892-33a5-44fe-b0ef-9f8769036df8",
    "data": [
      {
        "text": "Create a todo to @sys.any:text",
        "userDefined": false
      }
    ],
    "isTemplate": true,
    "count": 0,
    "updated": 1508181517
  },
  {
    "id": "228e88e1-2483-4ed0-838e-e513802bec87",
    "data": [
      {
        "text": "Make a todo with description @sys.any:text",
        "userDefined": false
      }
    ],
    "isTemplate": true,
    "count": 0,
    "updated": 1507918551
  }
]