[
  {
    "id": "e79a25c2-21c9-4b22-a678-348b3ab2984b",
    "data": [
      {
        "text": "Add item @sys.any:item-text",
        "userDefined": false
      }
    ],
    "isTemplate": false,
    "count": 0,
    "updated": 1507739241
  },
  {
    "id": "3c1f6f75-5e47-4536-84cb-b36b4fc1cf47",
    "data": [
      {
        "text": "Add new item @sys.any:item-text",
        "userDefined": false
      }
    ],
    "isTemplate": false,
    "count": 0,
    "updated": 1507739154
  },
  {
    "id": "39407d3b-16e4-40f9-b751-d9aa220b6255",
    "data": [
      {
        "text": "New item @sys.any:item-text",
        "userDefined": false
      }
    ],
    "isTemplate": false,
    "count": 0,
    "updated": 1507739154
  },
  {
    "id": "818cef6d-be38-474b-bca6-23ee98244377",
    "data": [
      {
        "text": "New todo with text @sys.any:item-text",
        "userDefined": false
      }
    ],
    "isTemplate": true,
    "count": 0,
    "updated": 1507738493
  },
  {
    "id": "d86fd0d5-e085-4c46-aa60-d68de7c7699d",
    "data": [
      {
        "text": "I want to create a todo with text @sys.any:item-text",
        "userDefined": false
      }
    ],
    "isTemplate": true,
    "count": 0,
    "updated": 1507738493
  }
]