[
  {
    "id": "fa71ee4c-3c5f-4582-bc1e-ab5f860e1e3e",
    "data": [
      {
        "text": "delete @sys.number one",
        "userDefined": false
      }
    ],
    "isTemplate": true,
    "count": 0,
    "updated": 1507740295
  },
  {
    "id": "f49c5324-696d-40b8-87e4-826c11fa53af",
    "data": [
      {
        "text": "Delete ",
        "userDefined": false
      },
      {
        "text": "first",
        "alias": "number",
        "meta": "@sys.number",
        "userDefined": true
      },
      {
        "text": " item",
        "userDefined": false
      }
    ],
    "isTemplate": false,
    "count": 0,
    "updated": 1507740295
  },
  {
    "id": "7a1036f6-ce22-4c22-9ef2-26e7367a4aa1",
    "data": [
      {
        "text": "Delete item number @sys.number",
        "userDefined": false
      }
    ],
    "isTemplate": true,
    "count": 0,
    "updated": 1507740295
  },
  {
    "id": "6b63978e-2b89-439c-b15c-7fd68aa83a37",
    "data": [
      {
        "text": "Delete item ",
        "userDefined": false
      },
      {
        "text": "1",
        "alias": "number",
        "meta": "@sys.number",
        "userDefined": false
      }
    ],
    "isTemplate": false,
    "count": 0,
    "updated": 0
  }
]