[
  {
    "id": "28654606-c09d-4946-b76f-5e3901d502f0",
    "data": [
      {
        "text": "I\u0027m done now",
        "userDefined": false
      }
    ],
    "isTemplate": false,
    "count": 0,
    "updated": 0
  },
  {
    "id": "80b60aa4-bdc7-42c1-a51c-29b227682f0c",
    "data": [
      {
        "text": "Bye",
        "userDefined": false
      }
    ],
    "isTemplate": false,
    "count": 0,
    "updated": 0
  },
  {
    "id": "9b716cb1-98b6-4fb2-91f8-f806f11280db",
    "data": [
      {
        "text": "No",
        "userDefined": false
      }
    ],
    "isTemplate": false,
    "count": 0,
    "updated": 0
  },
  {
    "id": "84f11546-f2aa-4929-a1aa-b064a5b55ed1",
    "data": [
      {
        "text": "I don\u0027t want to hear any more",
        "userDefined": false
      }
    ],
    "isTemplate": false,
    "count": 0,
    "updated": 0
  },
  {
    "id": "323386c6-88dc-4e29-8dec-9dacc19169a1",
    "data": [
      {
        "text": "Nevermind",
        "userDefined": false
      }
    ],
    "isTemplate": false,
    "count": 0,
    "updated": 0
  },
  {
    "id": "ff35b51d-f317-4242-8343-64a2a7ffda9f",
    "data": [
      {
        "text": "Quit",
        "userDefined": false
      }
    ],
    "isTemplate": false,
    "count": 0,
    "updated": 0
  },
  {
    "id": "93672a29-c232-4b8d-94c6-03bb903f72c7",
    "data": [
      {
        "text": "Thanks",
        "userDefined": false
      }
    ],
    "isTemplate": false,
    "count": 0,
    "updated": 0
  }
]