[
  {
    "id": "1e0e485f-1460-4df6-a926-a6878be74ac3",
    "data": [
      {
        "text": "Show list",
        "userDefined": false
      }
    ],
    "isTemplate": false,
    "count": 0,
    "updated": 1507662610
  },
  {
    "id": "821dc706-70bb-4dfe-b1ef-b623f37324f5",
    "data": [
      {
        "text": "Show todo list",
        "userDefined": false
      }
    ],
    "isTemplate": false,
    "count": 0,
    "updated": 1507662610
  },
  {
    "id": "9a7e6173-4962-4bc9-8410-c423fee61e73",
    "data": [
      {
        "text": "Items",
        "userDefined": false
      }
    ],
    "isTemplate": false,
    "count": 0,
    "updated": 0
  },
  {
    "id": "ac29eaaf-597f-4bab-a933-44d2e61262f9",
    "data": [
      {
        "text": "Show items",
        "userDefined": false
      }
    ],
    "isTemplate": false,
    "count": 0,
    "updated": 0
  }
]